"fecha","error","explicacion","estrategia_de_acompanamiento","ejemplo_de_solucion","solucion"
"2026-08-20","ReferenceError: mouseXPos is not defined","Se usó una variable (mouseXPos) que nunca se declaró con let/const/var, o se escribió con un nombre distinto al que se había declarado antes.","Se le pidió al estudiante ubicar dónde debía declararse la variable antes de usarla, en vez de dar la corrección directa.","let mouseXPos = 0;","Se declaró la variable con let antes del draw() y se usó el mismo nombre en todo el sketch."
"2026-08-22","ReferenceError: circleSize is not defined","Misma causa que el error anterior: una variable usada sin declarar, confundida con un nombre que sonaba como una función propia de p5.js.","Se conectó con el error anterior: se le preguntó al estudiante si recordaba una situación parecida antes de volver a explicar.","let circleSize = 50;","Se declaró la variable al inicio del sketch, antes de setup()."
"2026-08-27","Bucle for que nunca se ejecuta (condición inicial falsa, i > 10 en vez de i < 10)","Error de lógica: la condición del for se evalúa como falsa desde la primera vuelta, así que el bloque nunca corre.","Se le pidió evaluar a mano la condición con el valor inicial de i antes de mostrar la corrección.","for (let i = 0; i < 10; i++) { console.log(i + 1); }","Se cambió el operador de comparación de > a < para que la condición sea verdadera mientras i no llegue al límite."
"2026-09-17","TypeError: input.value.trim(...).tolowerCase is not a function","JS es case-sensitive en nombres de metodo: tolowerCase no existe, el metodo real es toLowerCase (con L mayuscula).","Se le senalo que el nombre del metodo no coincidia exactamente con el real, sin dar la correccion de inmediato, para que revisara la ortografia del metodo.","input.value.trim().toLowerCase()","Se corrigio tolowerCase a toLowerCase en ambas lineas donde se usaba (console.log y arr.push)."
"2026-09-18","Error de logica: heroes.push() no persiste entre paginas ni recargas","Los cambios que hace el JS viven solo en la memoria de esa pagina: un archivo .js del disco no se puede escribir desde el navegador, y cada HTML arranca un contexto de JavaScript nuevo que vuelve a leer data.js desde cero.","Se le pidio seguir el recorrido del dato (disco -> memoria de gestion.html -> memoria de index.html) antes de hablar de la solucion, para que ubicara en que punto se pierde.","const guardados = localStorage.getItem(\"heroes\"); const listaHeroes = guardados ? JSON.parse(guardados) : heroes;","Se explico el concepto de persistencia y se plantearon las opciones (copiar a mano a data.js o usar localStorage); queda pendiente elegir cual implementar."
"2026-09-24","SyntaxError: mostrar lista (instruccion invalida, dos palabras sueltas sin llamada a funcion)","Falta la sintaxis de llamada a funcion (nombre + parentesis): dos identificadores seguidos sin operador ni parentesis no es una instruccion valida en JS.","Se le pidio ubicar la funcion real que muestra la seccion antes de escribir el reemplazo.","mostrarSeccion(""mostrar"");","Se reemplazo por la llamada real a la funcion, con parentesis."
"2026-09-24","ReferenceError: herores is not defined","Se uso un nombre de variable con las letras cambiadas (herores en vez de heroes): JS compara nombres letra por letra, no por parecido visual.","Se le mostro que heroes SI estaba bien escrito en la condicion del for, para que comparara con la linea de adentro y encontrara la diferencia solo.","for (let i = 0; i < heroes.length; i++) { /* usar heroes, no herores */ }","Se corrigio herores a heroes."
"2026-09-24","Error de sintaxis/logica: expresion suelta dentro de un objeto literal ({ herores.pop() }) y uso de .pop() que muta el array original dentro de un for que depende de su length","Un objeto literal { } solo acepta pares clave: valor; una instruccion suelta adentro no arma ningun objeto. Ademas .pop() saca y borra el ultimo elemento, lo que cambia heroes.length en cada vuelta del ciclo que lo esta usando como condicion.","Se comparo con el push({...}) que si habia funcionado antes (objeto completo con claves), y se le ofrecio el spread (...) como alternativa a copiar sin mutar.","listaHeroes.push(...heroes);","Se reemplazo el ciclo for con .pop() por listaHeroes.push(...heroes), que copia sin sacar nada del array original."
"2026-09-24","ReferenceError: herores is not defined (2a vez el mismo dia) + listaHeroes.push sin parentesis no ejecuta nada","Mismo patron de nombre mal escrito que ya se repitio antes; ademas, nombrar una funcion sin () solo la referencia, no la invoca.","Se senalo que ya era la 4a vez que aparecia el mismo tipo de error en el registro, y se le sugirio comparar el nombre escrito contra la declaracion antes de tipear de memoria.","listaHeroes.length = 0; guardarHeroes(listaHeroes);","Se reemplazo el ciclo con pop() por listaHeroes.length = 0 para vaciar toda la lista de una vez."
